{"cameraMode":{"drawMode":0,"name":"Shaded","section":"Shading Mode"},"sceneLighting":false,"audioPlay":false,"sceneViewState":{"showFog":true,"showMaterialUpdate":false,"showSkybox":true,"showFlares":true,"showImageEffects":true,"showParticleSystems":true},"in2DMode":false,"pivot":{"x":0.0,"y":3.0899999141693117,"z":1.8480000495910645},"rotation":{"x":0.12414781004190445,"y":-0.16881921887397767,"z":0.021439051255583764,"w":0.9775621891021729},"size":2.8578836917877199,"orthographic":false}