{"cameraMode":{"drawMode":0,"name":"Shaded","section":"Shading Mode"},"sceneLighting":false,"audioPlay":false,"sceneViewState":{"showFog":true,"showMaterialUpdate":false,"showSkybox":true,"showFlares":true,"showImageEffects":true,"showParticleSystems":true},"in2DMode":false,"pivot":{"x":6.360000133514404,"y":1.380000114440918,"z":6.630000114440918},"rotation":{"x":0.009729024954140187,"y":-0.749151349067688,"z":-0.011005962267518044,"w":-0.6622360348701477},"size":4.950000286102295,"orthographic":false}