{"cameraMode":{"drawMode":0,"name":"Shaded","section":"Shading Mode"},"sceneLighting":false,"audioPlay":false,"sceneViewState":{"showFog":true,"showMaterialUpdate":false,"showSkybox":true,"showFlares":true,"showImageEffects":true,"showParticleSystems":true},"in2DMode":false,"pivot":{"x":8.17396068572998,"y":1.926870584487915,"z":5.291103363037109},"rotation":{"x":-0.024200893938541414,"y":0.9754582047462463,"z":-0.16725295782089234,"w":-0.14114555716514588},"size":4.950000286102295,"orthographic":false}