{"cameraMode":{"drawMode":0,"name":"Shaded","section":"Shading Mode"},"sceneLighting":false,"audioPlay":false,"sceneViewState":{"showFog":true,"showMaterialUpdate":false,"showSkybox":true,"showFlares":true,"showImageEffects":true,"showParticleSystems":true},"in2DMode":false,"pivot":{"x":-2.3007078170776369,"y":0.8255274295806885,"z":-2.5231573581695558},"rotation":{"x":-0.02056882157921791,"y":0.9784322381019592,"z":-0.12126825749874115,"w":-0.16595610976219178},"size":0.700035810470581,"orthographic":false}