{"cameraMode":{"drawMode":0,"name":"Shaded","section":"Shading Mode"},"sceneLighting":false,"audioPlay":false,"sceneViewState":{"showFog":true,"showMaterialUpdate":false,"showSkybox":true,"showFlares":true,"showImageEffects":true,"showParticleSystems":true},"in2DMode":false,"pivot":{"x":-10.725048065185547,"y":16.985355377197267,"z":-1.046327829360962},"rotation":{"x":0.3157689571380615,"y":-0.6010741591453552,"z":0.27959275245666506,"w":0.6788429021835327},"size":4.883551597595215,"orthographic":false}