{"cameraMode":{"drawMode":0,"name":"Shaded","section":"Shading Mode"},"sceneLighting":false,"audioPlay":false,"sceneViewState":{"showFog":true,"showMaterialUpdate":false,"showSkybox":true,"showFlares":true,"showImageEffects":true,"showParticleSystems":true},"in2DMode":false,"pivot":{"x":-0.13000011444091798,"y":3.0900001525878908,"z":1.8480000495910645},"rotation":{"x":0.16147854924201966,"y":-0.038168493658304217,"z":0.0062504718080163,"w":0.9861180782318115},"size":14.289420127868653,"orthographic":false}