{"cameraMode":{"drawMode":0,"name":"Shaded","section":"Shading Mode"},"sceneLighting":true,"audioPlay":false,"sceneViewState":{"showFog":false,"showMaterialUpdate":false,"showSkybox":false,"showFlares":false,"showImageEffects":false,"showParticleSystems":false},"in2DMode":false,"pivot":{"x":164.63235473632813,"y":-20.206266403198243,"z":-40.57258605957031},"rotation":{"x":-0.04621448367834091,"y":-0.7672817707061768,"z":0.05565085634589195,"w":-0.6372173428535461},"size":188.2661590576172,"orthographic":false}