{"cameraMode":{"drawMode":0,"name":"Shaded","section":"Shading Mode"},"sceneLighting":false,"audioPlay":false,"sceneViewState":{"showFog":true,"showMaterialUpdate":false,"showSkybox":true,"showFlares":true,"showImageEffects":true,"showParticleSystems":true},"in2DMode":false,"pivot":{"x":-7.5125203132629398,"y":8.533459663391114,"z":85.36568450927735},"rotation":{"x":-0.04176327586174011,"y":0.10291897505521774,"z":-0.004356639925390482,"w":-0.9938341379165649},"size":7.9435906410217289,"orthographic":false}