{"cameraMode":{"drawMode":0,"name":"Shaded","section":"Shading Mode"},"sceneLighting":false,"audioPlay":false,"sceneViewState":{"showFog":true,"showMaterialUpdate":false,"showSkybox":true,"showFlares":true,"showImageEffects":true,"showParticleSystems":true},"in2DMode":false,"pivot":{"x":6.200626850128174,"y":0.7528409957885742,"z":0.11411794275045395},"rotation":{"x":-0.033543337136507037,"y":0.7092748880386353,"z":0.033828966319561008,"w":0.7033204436302185},"size":3.417109251022339,"orthographic":false}