{"cameraMode":{"drawMode":0,"name":"Shaded","section":"Shading Mode"},"sceneLighting":false,"audioPlay":false,"sceneViewState":{"showFog":true,"showMaterialUpdate":false,"showSkybox":true,"showFlares":true,"showImageEffects":true,"showParticleSystems":true},"in2DMode":false,"pivot":{"x":3.2571306228637697,"y":0.48194995522499087,"z":-7.223109722137451},"rotation":{"x":-0.009821102023124695,"y":0.7421752214431763,"z":0.0108793368563056,"w":0.6700456142425537},"size":3.315737247467041,"orthographic":false}